Index,Name,Unprescaled
0,L1_AlwaysTrue,1
1,L1_ZeroBias,1
2,L1_ZeroBias_copy,1
3,L1_BPTX_AND_Ref1_VME,1
4,L1_BPTX_AND_Ref3_VME,1
5,L1_BPTX_AND_Ref4_VME,1
6,L1_BPTX_BeamGas_B1_VME,1
7,L1_BPTX_BeamGas_B2_VME,1
8,L1_BPTX_BeamGas_Ref1_VME,1
9,L1_BPTX_BeamGas_Ref2_VME,1
10,L1_BPTX_NotOR_VME,1
11,L1_BPTX_OR_Ref3_VME,1
12,L1_BPTX_OR_Ref4_VME,1
13,L1_BPTX_RefAND_VME,1
14,L1_BptxMinus,1
15,L1_BptxMinus_NotBptxPlus,1
16,L1_BptxOR,1
17,L1_BptxPlus,1
18,L1_BptxPlus_NotBptxMinus,1
19,L1_BptxXOR,1
20,L1_NotBptxOR,1
21,L1_FirstBunchAfterTrain,1
22,L1_FirstBunchBeforeTrain,1
23,L1_FirstBunchInTrain,1
24,L1_SecondBunchInTrain,1
25,L1_SecondLastBunchInTrain,1
26,L1_FirstBunchInTrain_50ns,1
27,L1_FirstCollisionInOrbit,1
28,L1_FirstCollisionInOrbit_Centrality30_100_BptxAND,1
29,L1_FirstCollisionInOrbit_Centrality50_100_BptxAND,1
30,L1_FirstCollisionInTrain,1
31,L1_IsolatedBunch,1
32,L1_LastBunchInTrain,1
33,L1_LastBunchInTrain_50ns,1
34,L1_LastCollisionInTrain,1
35,L1_UnpairedBunchBptxMinus,1
36,L1_UnpairedBunchBptxPlus,1
37,L1_HCAL_LaserMon_Trig,1
38,L1_HCAL_LaserMon_Veto,1
39,L1_HTT120er,1
40,L1_HTT160er,1
41,L1_HTT200er,1
42,L1_HTT255er,1
43,L1_HTT280er,1
44,L1_HTT320er,1
45,L1_HTT360er,1
46,L1_HTT400er,1
47,L1_HTT450er,1
48,L1_ETM120,1
49,L1_ETM150,1
50,L1_ETMHF70,1
51,L1_ETMHF80,1
52,L1_ETMHF90,1
53,L1_ETMHF100,1
54,L1_ETMHF110,1
55,L1_ETMHF120,1
56,L1_ETMHF150,1
57,L1_ETT2000,1
58,L1_ZDCM8,1
59,L1_ZDCM10,1
60,L1_ZDCM12,1
61,L1_ZDCM30,1
62,L1_ZDCM40,1
63,L1_ZDCM50,1
64,L1_ZDCM60,1
65,L1_ZDCM70,1
66,L1_ZDCP8,1
67,L1_ZDCP10,1
68,L1_ZDCP12,1
69,L1_ZDCP30,1
70,L1_ZDCP40,1
71,L1_ZDCP50,1
72,L1_ZDCP60,1
73,L1_ZDCP70,1
74,L1_ZDC30_AND,1
75,L1_ZDC40_AND,1
76,L1_ZDC50_AND,1
77,L1_ZDC60_AND,1
78,L1_ZDC70_AND,1
79,L1_ZDC30_OR,1
80,L1_ZDC40_OR,1
81,L1_ZDC50_OR,1
82,L1_ZDC60_OR,1
83,L1_ZDC70_OR,1
84,L1_Centrality_30_100_MinimumBiasHF1_AND_BptxAND,1
85,L1_Centrality_50_100_MinimumBiasHF1_AND_BptxAND,1
86,L1_MinimumBiasHF1plus_BptxAND,1
87,L1_MinimumBiasHF1minus_BptxAND,1
88,L1_MinimumBiasHF2plus_BptxAND,1
89,L1_MinimumBiasHF2minus_BptxAND,1
90,L1_MinimumBiasHF1plus,1
91,L1_MinimumBiasHF1minus,1
92,L1_MinimumBiasHF2plus,1
93,L1_MinimumBiasHF2minus,1
94,L1_MinimumBiasHF1_AND_BptxAND,1
95,L1_MinimumBiasHF2_AND_BptxAND,1
96,L1_MinimumBiasHF1_OR_BptxAND,1
97,L1_MinimumBiasHF2_OR_BptxAND,1
98,L1_NotMinimumBiasHF2_AND_BptxAND,1
99,L1_MinimumBiasZDC1n_Th1_OR_MinimumBiasHF1_AND_BptxAND,1
100,L1_MinimumBiasZDC1n_Th2_OR_MinimumBiasHF1_AND_BptxAND,1
101,L1_MinimumBiasZDC1n_Th3_OR_MinimumBiasHF1_AND_BptxAND,1
102,L1_MinimumBiasZDC1n_Th4_OR_MinimumBiasHF1_AND_BptxAND,1
103,L1_MinimumBiasZDC2n_Th1_OR_MinimumBiasHF1_AND_BptxAND,1
104,L1_MinimumBiasZDC2n_Th2_OR_MinimumBiasHF1_AND_BptxAND,1
105,L1_MinimumBiasZDC2n_Th3_OR_MinimumBiasHF1_AND_BptxAND,1
106,L1_MinimumBiasZDC2n_Th4_OR_MinimumBiasHF1_AND_BptxAND,1
107,L1_MinimumBiasZDC3n_Th1_OR_MinimumBiasHF1_AND_BptxAND,1
108,L1_MinimumBiasZDC3n_Th2_OR_MinimumBiasHF1_AND_BptxAND,1
109,L1_MinimumBiasZDC3n_Th3_OR_MinimumBiasHF1_AND_BptxAND,1
110,L1_MinimumBiasZDC3n_Th4_OR_MinimumBiasHF1_AND_BptxAND,1
111,L1_MinimumBiasZDC1n_Th1_OR_MinimumBiasHF2_AND_BptxAND,1
112,L1_MinimumBiasZDC1n_Th1_AND_MinimumBiasHF1_AND_BptxAND,1
113,L1_MinimumBiasZDC1n_Th2_AND_MinimumBiasHF1_AND_BptxAND,1
114,L1_MinimumBiasZDC1n_Th3_AND_MinimumBiasHF1_AND_BptxAND,1
115,L1_MinimumBiasZDC1n_Th4_AND_MinimumBiasHF1_AND_BptxAND,1
116,L1_MinimumBiasZDC1n_Th1_AND_MinimumBiasHF2_AND_BptxAND,1
117,L1_SingleJet8_NotMinimumBiasHF2_AND_BptxAND,1
118,L1_SingleJet12_NotMinimumBiasHF2_AND_BptxAND,1
119,L1_SingleJet16_NotMinimumBiasHF2_AND_BptxAND,1
120,L1_SingleJet20_NotMinimumBiasHF2_AND_BptxAND,1
121,L1_SingleJet24_NotMinimumBiasHF2_AND_BptxAND,1
122,L1_SingleJet28_NotMinimumBiasHF2_AND_BptxAND,1
123,L1_DoubleJet8_DeltaPhi2p0_NotMinimumBiasHF2_BptxAND,1
124,L1_DoubleJet12_DeltaPhi2p0_NotMinimumBiasHF2_BptxAND,1
125,L1_DoubleJet16_DeltaPhi2p0_NotMinimumBiasHF2_BptxAND,1
126,L1_SingleMuOpen_NotMinimumBiasHF2_AND_BptxAND,1
127,L1_SingleMuOpen_NotMinimumBiasHF2_OR_BptxAND,1
128,L1_SingleMuCosmic_NotMinimumBiasHF2_AND_BptxAND,1
129,L1_SingleMuCosmic_NotMinimumBiasHF2_OR_BptxAND,1
130,L1_SingleMuOpen_OR_SingleMuCosmic_EMTF_NotMinimumBiasHF2_AND_BptxAND,1
131,L1_SingleMuOpen_OR_SingleMuCosmic_EMTF_NotMinimumBiasHF2_OR_BptxAND,1
132,L1_DoubleMuCosmic_NotMinimumBiasHF2_AND_BptxAND,1
133,L1_DoubleMu0_NotMinimumBiasHF2_AND_BptxAND,1
134,L1_DoubleMuOpen_NotMinimumBiasHF2_AND_BptxAND,1
135,L1_SingleEG3_NotMinimumBiasHF2_OR_BptxAND,1
136,L1_SingleEG4_NotMinimumBiasHF2_OR_BptxAND,1
137,L1_SingleEG2_NotMinimumBiasHF2_AND_BptxAND,1
138,L1_SingleEG3_NotMinimumBiasHF2_AND_BptxAND,1
139,L1_SingleEG4_NotMinimumBiasHF2_AND_BptxAND,1
140,L1_SingleEG5_NotMinimumBiasHF2_AND_BptxAND,1
141,L1_SingleEG5er1p5_NotMinimumBiasHF2_AND_BptxAND,1
142,L1_SingleEG5er2p1_NotMinimumBiasHF2_AND_BptxAND,1
143,L1_SingleEG6er2p5_NotMinimumBiasHF2_AND_BptxAND,1
144,L1_SingleEG7er2p5_NotMinimumBiasHF2_AND_BptxAND,1
145,L1_SingleEG8er2p5_NotMinimumBiasHF2_AND_BptxAND,1
146,L1_DoubleEG2er1p5_DeltaPhi2p0_NotMinimumBiasHF2_AND_BptxAND,1
147,L1_DoubleEG2er2p1_DeltaPhi2p0_NotMinimumBiasHF2_AND_BptxAND,1
148,L1_DoubleEG2er1p5_NotMinimumBiasHF2_AND_BptxAND,1
149,L1_DoubleEG2er2p1_NotMinimumBiasHF2_AND_BptxAND,1
150,L1_DoubleEG2_NotMinimumBiasHF2_AND_BptxAND,1
151,L1_DoubleEG3_NotMinimumBiasHF2_AND_BptxAND,1
152,L1_DoubleEG4_NotMinimumBiasHF2_AND_BptxAND,1
153,L1_DoubleEG5_NotMinimumBiasHF2_AND_BptxAND,1
154,L1_SingleJet8_UPCZDC1n_Th1_AsymXOR_NotPreBptx_BptxAND,1
155,L1_SingleJet12_UPCZDC1n_Th1_AsymXOR_NotPreBptx_BptxAND,1
156,L1_SingleJet16_UPCZDC1n_Th1_AsymXOR_NotPreBptx_BptxAND,1
157,L1_SingleJet20_UPCZDC1n_Th1_AsymXOR_NotPreBptx_BptxAND,1
158,L1_SingleJet24_UPCZDC1n_Th1_AsymXOR_NotPreBptx_BptxAND,1
159,L1_SingleJet28_UPCZDC1n_Th1_AsymXOR_NotPreBptx_BptxAND,1
160,L1_SingleJet8_UPCZDC1n_Th1_AsymXOR_BptxAND,1
161,L1_SingleJet8_UPCZDC1n_Th2_AsymXOR_BptxAND,1
162,L1_SingleJet8_UPCZDC1n_Th3_AsymXOR_BptxAND,1
163,L1_SingleJet12_UPCZDC1n_Th1_AsymXOR_BptxAND,1
164,L1_SingleJet12_UPCZDC1n_Th2_AsymXOR_BptxAND,1
165,L1_SingleJet12_UPCZDC1n_Th3_AsymXOR_BptxAND,1
166,L1_SingleJet16_UPCZDC1n_Th1_AsymXOR_BptxAND,1
167,L1_SingleJet16_UPCZDC1n_Th2_AsymXOR_BptxAND,1
168,L1_SingleJet16_UPCZDC1n_Th3_AsymXOR_BptxAND,1
169,L1_SingleJet20_UPCZDC1n_Th1_AsymXOR_BptxAND,1
170,L1_SingleJet20_UPCZDC1n_Th2_AsymXOR_BptxAND,1
171,L1_SingleJet20_UPCZDC1n_Th3_AsymXOR_BptxAND,1
172,L1_SingleJet24_UPCZDC1n_Th1_AsymXOR_BptxAND,1
173,L1_SingleJet24_UPCZDC1n_Th2_AsymXOR_BptxAND,1
174,L1_SingleJet24_UPCZDC1n_Th3_AsymXOR_BptxAND,1
175,L1_SingleJet28_UPCZDC1n_Th1_AsymXOR_BptxAND,1
176,L1_SingleJet28_UPCZDC1n_Th2_AsymXOR_BptxAND,1
177,L1_SingleJet28_UPCZDC1n_Th3_AsymXOR_BptxAND,1
178,L1_SingleJet8_NotUPCZDC1n_Th1_OR_BptxAND,1
179,L1_SingleJet8_NotUPCZDC1n_Th2_OR_BptxAND,1
180,L1_SingleJet8_NotUPCZDC1n_Th3_OR_BptxAND,1
181,L1_SingleJet12_NotUPCZDC1n_Th1_OR_BptxAND,1
182,L1_SingleJet12_NotUPCZDC1n_Th2_OR_BptxAND,1
183,L1_SingleJet12_NotUPCZDC1n_Th3_OR_BptxAND,1
184,L1_SingleJet16_NotUPCZDC1n_Th1_OR_BptxAND,1
185,L1_SingleJet16_NotUPCZDC1n_Th2_OR_BptxAND,1
186,L1_SingleJet16_NotUPCZDC1n_Th3_OR_BptxAND,1
187,L1_SingleJet20_NotUPCZDC1n_Th1_OR_BptxAND,1
188,L1_SingleJet20_NotUPCZDC1n_Th2_OR_BptxAND,1
189,L1_SingleJet20_NotUPCZDC1n_Th3_OR_BptxAND,1
190,L1_SingleJet24_NotUPCZDC1n_Th1_OR_BptxAND,1
191,L1_SingleJet24_NotUPCZDC1n_Th2_OR_BptxAND,1
192,L1_SingleJet24_NotUPCZDC1n_Th3_OR_BptxAND,1
193,L1_SingleJet28_NotUPCZDC1n_Th1_OR_BptxAND,1
194,L1_SingleJet28_NotUPCZDC1n_Th2_OR_BptxAND,1
195,L1_SingleJet28_NotUPCZDC1n_Th3_OR_BptxAND,1
196,L1_SingleJet8_UPCZDC1n_Th1_XOR_NotPreBptx_BptxAND,1
197,L1_SingleJet12_UPCZDC1n_Th1_XOR_NotPreBptx_BptxAND,1
198,L1_SingleJet16_UPCZDC1n_Th1_XOR_NotPreBptx_BptxAND,1
199,L1_SingleJet20_UPCZDC1n_Th1_XOR_NotPreBptx_BptxAND,1
200,L1_SingleJet24_UPCZDC1n_Th1_XOR_NotPreBptx_BptxAND,1
201,L1_SingleJet28_UPCZDC1n_Th1_XOR_NotPreBptx_BptxAND,1
202,L1_SingleJet8_UPCZDC1n_Th1_XOR_BptxAND,1
203,L1_SingleJet8_UPCZDC1n_Th2_XOR_BptxAND,1
204,L1_SingleJet8_UPCZDC1n_Th3_XOR_BptxAND,1
205,L1_SingleJet12_UPCZDC1n_Th1_XOR_BptxAND,1
206,L1_SingleJet12_UPCZDC1n_Th2_XOR_BptxAND,1
207,L1_SingleJet12_UPCZDC1n_Th3_XOR_BptxAND,1
208,L1_SingleJet16_UPCZDC1n_Th1_XOR_BptxAND,1
209,L1_SingleJet16_UPCZDC1n_Th2_XOR_BptxAND,1
210,L1_SingleJet16_UPCZDC1n_Th3_XOR_BptxAND,1
211,L1_SingleJet20_UPCZDC1n_Th1_XOR_BptxAND,1
212,L1_SingleJet20_UPCZDC1n_Th2_XOR_BptxAND,1
213,L1_SingleJet20_UPCZDC1n_Th3_XOR_BptxAND,1
214,L1_SingleJet24_UPCZDC1n_Th1_XOR_BptxAND,1
215,L1_SingleJet24_UPCZDC1n_Th2_XOR_BptxAND,1
216,L1_SingleJet24_UPCZDC1n_Th3_XOR_BptxAND,1
217,L1_SingleJet28_UPCZDC1n_Th1_XOR_BptxAND,1
218,L1_SingleJet28_UPCZDC1n_Th2_XOR_BptxAND,1
219,L1_SingleJet28_UPCZDC1n_Th3_XOR_BptxAND,1
220,L1_DoubleJet8_DeltaPhi2p0_NotUPCZDC1n_Th1_AND_BptxAND,1
221,L1_DoubleJet8_DeltaPhi2p0_NotUPCZDC1n_Th2_AND_BptxAND,1
222,L1_DoubleJet8_DeltaPhi2p0_NotUPCZDC1n_Th3_AND_BptxAND,1
223,L1_DoubleJet12_DeltaPhi2p0_NotUPCZDC1n_Th1_AND_BptxAND,1
224,L1_DoubleJet12_DeltaPhi2p0_NotUPCZDC1n_Th2_AND_BptxAND,1
225,L1_DoubleJet12_DeltaPhi2p0_NotUPCZDC1n_Th3_AND_BptxAND,1
226,L1_DoubleJet16_DeltaPhi2p0_NotUPCZDC1n_Th1_AND_BptxAND,1
227,L1_DoubleJet16_DeltaPhi2p0_NotUPCZDC1n_Th2_AND_BptxAND,1
228,L1_DoubleJet16_DeltaPhi2p0_NotUPCZDC1n_Th3_AND_BptxAND,1
229,L1_DoubleJet8_DeltaPhi2p0_NotUPCZDC1n_Th1_OR_BptxAND,1
230,L1_DoubleJet8_DeltaPhi2p0_NotUPCZDC1n_Th2_OR_BptxAND,1
231,L1_DoubleJet8_DeltaPhi2p0_NotUPCZDC1n_Th3_OR_BptxAND,1
232,L1_DoubleJet12_DeltaPhi2p0_NotUPCZDC1n_Th1_OR_BptxAND,1
233,L1_DoubleJet12_DeltaPhi2p0_NotUPCZDC1n_Th2_OR_BptxAND,1
234,L1_DoubleJet12_DeltaPhi2p0_NotUPCZDC1n_Th3_OR_BptxAND,1
235,L1_DoubleJet16_DeltaPhi2p0_NotUPCZDC1n_Th1_OR_BptxAND,1
236,L1_DoubleJet16_DeltaPhi2p0_NotUPCZDC1n_Th2_OR_BptxAND,1
237,L1_DoubleJet16_DeltaPhi2p0_NotUPCZDC1n_Th3_OR_BptxAND,1
238,L1_DoubleJet8_DeltaPhi2p0_UPCZDC1n_Th1_XOR_BptxAND,1
239,L1_DoubleJet12_DeltaPhi2p0_UPCZDC1n_Th1_XOR_BptxAND,1
240,L1_DoubleJet16_DeltaPhi2p0_UPCZDC1n_Th1_XOR_BptxAND,1
241,L1_DoubleJet8_DeltaPhi2p0_UPCZDC1n_Th2_XOR_BptxAND,1
242,L1_DoubleJet12_DeltaPhi2p0_UPCZDC1n_Th2_XOR_BptxAND,1
243,L1_DoubleJet16_DeltaPhi2p0_UPCZDC1n_Th2_XOR_BptxAND,1
244,L1_DoubleJet8_DeltaPhi2p0_UPCZDC1n_Th3_XOR_BptxAND,1
245,L1_DoubleJet12_DeltaPhi2p0_UPCZDC1n_Th3_XOR_BptxAND,1
246,L1_DoubleJet16_DeltaPhi2p0_UPCZDC1n_Th3_XOR_BptxAND,1
247,L1_UPCZDC1n_Th1_OR_BptxAND,1
248,L1_UPCZDC1n_Th2_OR_BptxAND,1
249,L1_UPCZDC1n_Th3_OR_BptxAND,1
250,L1_UPCZDC1n_Th1_AND_NotMinimumBiasHF2_BptxAND,1
251,L1_UPCZDC1n_Th2_AND_NotMinimumBiasHF2_BptxAND,1
252,L1_UPCZDC1n_Th3_AND_NotMinimumBiasHF2_BptxAND,1
253,L1_UPCZDC1n_Th1_XOR_MinimumBiasHF1_AND_BptxAND,1
254,L1_UPCZDC1n_Th2_XOR_MinimumBiasHF1_AND_BptxAND,1
255,L1_UPCZDC1n_Th3_XOR_MinimumBiasHF1_AND_BptxAND,1
256,L1_UPCZDC1n_Th4_XOR_MinimumBiasHF1_AND_BptxAND,1
257,L1_UPCZDC1n_Th1_XOR_MinimumBiasHF2_AND_BptxAND,1
258,L1_UPCZDC1n_Th2_XOR_MinimumBiasHF2_AND_BptxAND,1
259,L1_UPCZDC1n_Th3_XOR_MinimumBiasHF2_AND_BptxAND,1
260,L1_UPCZDC1n_Th4_XOR_MinimumBiasHF2_AND_BptxAND,1
261,L1_UPCZDC1n_Th1_XOR_MinimumBiasHF1_OR_SameSide_BptxAND,1
262,L1_UPCZDC1n_Th2_XOR_MinimumBiasHF1_OR_SameSide_BptxAND,1
263,L1_UPCZDC1n_Th3_XOR_MinimumBiasHF1_OR_SameSide_BptxAND,1
264,L1_UPCZDC1n_Th1_XOR_MinimumBiasHF2_OR_SameSide_BptxAND,1
265,L1_UPCZDC1n_Th2_XOR_MinimumBiasHF2_OR_SameSide_BptxAND,1
266,L1_UPCZDC1n_Th3_XOR_MinimumBiasHF2_OR_SameSide_BptxAND,1
267,L1_UPCZDC1n_Th1_XOR_MinimumBiasHF1_AsymXOR_SameSide_BptxAND,1
268,L1_UPCZDC1n_Th2_XOR_MinimumBiasHF1_AsymXOR_SameSide_BptxAND,1
269,L1_UPCZDC1n_Th3_XOR_MinimumBiasHF1_AsymXOR_SameSide_BptxAND,1
270,L1_UPCZDC1n_Th1_XOR_MinimumBiasHF2_XOR_SameSide_BptxAND,1
271,L1_UPCZDC1n_Th2_XOR_MinimumBiasHF2_XOR_SameSide_BptxAND,1
272,L1_UPCZDC1n_Th3_XOR_MinimumBiasHF2_XOR_SameSide_BptxAND,1
273,L1_UPCZDC1n_Th1_AsymXOR_MinimumBiasHF1_AND_BptxAND,1
274,L1_UPCZDC1n_Th2_AsymXOR_MinimumBiasHF1_AND_BptxAND,1
275,L1_UPCZDC1n_Th3_AsymXOR_MinimumBiasHF1_AND_BptxAND,1
276,L1_UPCZDC1n_Th4_AsymXOR_MinimumBiasHF1_AND_BptxAND,1
277,L1_UPCZDC1n_Th1_AsymXOR_MinimumBiasHF2_AND_BptxAND,1
278,L1_UPCZDC1n_Th2_AsymXOR_MinimumBiasHF2_AND_BptxAND,1
279,L1_UPCZDC1n_Th3_AsymXOR_MinimumBiasHF2_AND_BptxAND,1
280,L1_UPCZDC1n_Th4_AsymXOR_MinimumBiasHF2_AND_BptxAND,1
281,L1_Centrality_0_0p5_BptxAND,1
282,L1_Centrality_0_1_BptxAND,1
283,L1_Centrality_30_40_BptxAND,1
284,L1_Centrality_30_50_BptxAND,1
285,L1_Centrality_40_50_BptxAND,1
286,L1_Centrality_50_65_BptxAND,1
287,L1_Centrality_65_80_BptxAND,1
288,L1_Centrality_80_100_BptxAND,1
289,L1_Centrality_Saturation_BptxAND,1
290,L1_SingleEG3_BptxAND,1
291,L1_SingleEG4_BptxAND,1
292,L1_SingleEG5_BptxAND,1
293,L1_SingleEG6_BptxAND,1
294,L1_SingleEG7_BptxAND,1
295,L1_SingleEG8_BptxAND,1
296,L1_SingleEG9_BptxAND,1
297,L1_SingleEG10_BptxAND,1
298,L1_SingleEG12_BptxAND,1
299,L1_SingleEG15_BptxAND,1
300,L1_SingleEG18_BptxAND,1
301,L1_SingleEG21_BptxAND,1
302,L1_SingleEG30_BptxAND,1
303,L1_SingleEG5er2p5_BptxAND,1
304,L1_SingleEG7er2p5_BptxAND,1
305,L1_SingleEG10er2p5_BptxAND,1
306,L1_SingleEG15er2p5_BptxAND,1
307,L1_SingleEG18er2p5_BptxAND,1
308,L1_SingleEG21er2p5_BptxAND,1
309,L1_SingleEG5er2p1_BptxAND,1
310,L1_SingleEG7er2p1_BptxAND,1
311,L1_SingleEG10er2p1_BptxAND,1
312,L1_SingleEG15er2p1_BptxAND,1
313,L1_SingleEG18er2p1_BptxAND,1
314,L1_SingleEG21er2p1_BptxAND,1
315,L1_SingleEG3,1
316,L1_SingleEG4,1
317,L1_SingleEG5,1
318,L1_SingleEG10,1
319,L1_SingleEG15,1
320,L1_SingleEG18,1
321,L1_SingleEG21,1
322,L1_SingleEG24,1
323,L1_SingleEG26,1
324,L1_SingleEG28,1
325,L1_SingleEG30,1
326,L1_SingleEG32,1
327,L1_SingleEG34,1
328,L1_SingleEG36,1
329,L1_SingleEG38,1
330,L1_SingleEG40,1
331,L1_SingleEG42,1
332,L1_SingleEG45,1
333,L1_SingleEG50,1
334,L1_SingleEG60,1
335,L1_SingleEG8er2p5,1
336,L1_SingleEG10er2p5,1
337,L1_SingleEG15er2p5,1
338,L1_SingleEG26er2p5,1
339,L1_SingleEG34er2p5,1
340,L1_SingleEG36er2p5,1
341,L1_SingleEG38er2p5,1
342,L1_SingleEG40er2p5,1
343,L1_SingleEG42er2p5,1
344,L1_SingleEG45er2p5,1
345,L1_SingleIsoEG24er2p1,1
346,L1_SingleIsoEG26er2p1,1
347,L1_SingleIsoEG28er2p1,1
348,L1_SingleIsoEG30er2p1,1
349,L1_SingleIsoEG32er2p1,1
350,L1_SingleIsoEG26er2p5,1
351,L1_SingleIsoEG28er2p5,1
352,L1_SingleIsoEG30er2p5,1
353,L1_SingleIsoEG32er2p5,1
354,L1_SingleIsoEG34er2p5,1
355,L1_DoubleEG2_BptxAND,1
356,L1_DoubleEG5_BptxAND,1
357,L1_DoubleEG8_BptxAND,1
358,L1_DoubleEG10_BptxAND,1
359,L1_DoubleEG_22_10_er2p5,1
360,L1_DoubleEG_25_12_er2p5,1
361,L1_DoubleEG_25_14_er2p5,1
362,L1_DoubleLooseIsoEG22er2p1,1
363,L1_DoubleLooseIsoEG24er2p1,1
364,L1_TripleEG_18_17_8_er2p5,1
365,L1_SingleJet8_BptxAND,1
366,L1_SingleJet16_BptxAND,1
367,L1_SingleJet24_BptxAND,1
368,L1_SingleJet28_BptxAND,1
369,L1_SingleJet32_BptxAND,1
370,L1_SingleJet36_BptxAND,1
371,L1_SingleJet40_BptxAND,1
372,L1_SingleJet44_BptxAND,1
373,L1_SingleJet48_BptxAND,1
374,L1_SingleJet56_BptxAND,1
375,L1_SingleJet60_BptxAND,1
376,L1_SingleJet64_BptxAND,1
377,L1_SingleJet72_BptxAND,1
378,L1_SingleJet80_BptxAND,1
379,L1_SingleJet16_FWD_BptxAND,1
380,L1_SingleJet28_FWD_BptxAND,1
381,L1_SingleJet36_FWD_BptxAND,1
382,L1_SingleJet44_FWD_BptxAND,1
383,L1_SingleJet56_FWD_BptxAND,1
384,L1_SingleJet64_FWD_BptxAND,1
385,L1_SingleJet28_DMeson_BptxAND,1
386,L1_SingleJet44_DMeson_BptxAND,1
387,L1_SingleJet60_DMeson_BptxAND,1
388,L1_SingleJet8erHE,1
389,L1_SingleJet10erHE,1
390,L1_SingleJet12erHE,1
391,L1_SingleJet8,1
392,L1_SingleJet16,1
393,L1_SingleJet24,1
394,L1_SingleJet28,1
395,L1_SingleJet35,1
396,L1_SingleJet60,1
397,L1_SingleJet90,1
398,L1_SingleJet120,1
399,L1_SingleJet180,1
400,L1_SingleJet200,1
401,L1_SingleJet140er2p5,1
402,L1_SingleJet160er2p5,1
403,L1_DoubleJet40er2p5,1
404,L1_DoubleJet100er2p5,1
405,L1_DoubleJet120er2p5,1
406,L1_QuadJet60er2p5,1
407,L1_SingleMuOpen_er1p1_NotBptxOR_3BX,1
408,L1_SingleMuOpen_er1p4_NotBptxOR_3BX,1
409,L1_SingleMuOpen_NotBptxOR,1
410,L1_SingleMuCosmic_BptxAND,1
411,L1_SingleMuOpen_BptxAND,1
412,L1_SingleMu0_BptxAND,1
413,L1_SingleMu3_BptxAND,1
414,L1_SingleMu5_BptxAND,1
415,L1_SingleMu7_BptxAND,1
416,L1_SingleMuOpen_Centrality_30_100_BptxAND,1
417,L1_SingleMuOpen_Centrality_40_100_BptxAND,1
418,L1_SingleMuOpen_Centrality_50_100_BptxAND,1
419,L1_SingleMuOpen_OR_SingleMuCosmic_EMTF_BptxAND,1
420,L1_SingleMuOpen_SingleEG15_BptxAND,1
421,L1_SingleMu3_SingleEG12_BptxAND,1
422,L1_SingleMu5_SingleEG15_BptxAND,1
423,L1_SingleMuOpen_SingleJet28_MidEta2p7_BptxAND,1
424,L1_SingleMuOpen_SingleJet44_MidEta2p7_BptxAND,1
425,L1_SingleMuOpen_SingleJet56_MidEta2p7_BptxAND,1
426,L1_SingleMuOpen_SingleJet64_MidEta2p7_BptxAND,1
427,L1_SingleMu3_SingleJet28_MidEta2p7_BptxAND,1
428,L1_SingleMu3_SingleJet32_MidEta2p7_BptxAND,1
429,L1_SingleMu3_SingleJet40_MidEta2p7_BptxAND,1
430,L1_SingleMuShower_Nominal_BptxAND,1
431,L1_SingleMuShower_Tight_BptxAND,1
432,L1_SingleMuShower_Nominal,1
433,L1_SingleMuShower_Tight,1
434,L1_SingleMuCosmics_BMTF,1
435,L1_SingleMu0_BMTF,1
436,L1_SingleMu22_BMTF,1
437,L1_SingleMuCosmics_EMTF,1
438,L1_SingleMu0_EMTF,1
439,L1_SingleMu22_EMTF,1
440,L1_SingleMuCosmics_OMTF,1
441,L1_SingleMu0_OMTF,1
442,L1_SingleMu22_OMTF,1
443,L1_SingleMu0_Centrality_30_100_BptxAND,1
444,L1_SingleMu0_Centrality_40_100_BptxAND,1
445,L1_SingleMu0_Upt10,1
446,L1_SingleMu0_Upt10_BMTF,1
447,L1_SingleMu0_Upt10_EMTF,1
448,L1_SingleMu0_Upt10_OMTF,1
449,L1_SingleMuOpen,1
450,L1_SingleMuCosmics,1
451,L1_SingleMu3,1
452,L1_SingleMu5,1
453,L1_SingleMu7,1
454,L1_SingleMu18,1
455,L1_SingleMu20,1
456,L1_SingleMu22,1
457,L1_SingleMu25,1
458,L1_CDC_SingleMu_3_er1p2_TOP120_DPHI2p618_3p142,1
459,L1_DoubleMu0,1
460,L1_DoubleMu_12_5,1
461,L1_DoubleMu_15_7,1
462,L1_DoubleMu0_BptxAND,1
463,L1_DoubleMuCosmic_BptxAND,1
464,L1_DoubleMu18er2p1_SQ,1
465,L1_DoubleMuOpen,1
466,L1_DoubleMuOpen_BptxAND,1
467,L1_DoubleMuOpen_Centrality_30_100_BptxAND,1
468,L1_DoubleMuOpen_Centrality_40_100_BptxAND,1
469,L1_DoubleMuOpen_Centrality_50_100_BptxAND,1
470,L1_DoubleMuOpen_MaxDr3p5_BptxAND,1
471,L1_DoubleMuOpen_OS_BptxAND,1
472,L1_DoubleMuOpen_SS_BptxAND,1
473,L1_DoubleMuSQ_BptxAND,1
474,L1_DoubleMuSQ_MaxDr3p5_BptxAND,1
475,L1_TwoMuShower_Loose,1
476,L1_TripleMu_5_3_3,1
477,L1_TripleMu_5_5_3,1
478,L1_TripleMu0,1
479,L1_TripleMu3,1
480,L1_QuadMu0,1
481,L1_SingleTau120er2p1,1
482,L1_SingleTau130er2p1,1
483,L1_DoubleTau70er2p1,1
484,L1_DoubleIsoTau32er2p1,1
485,L1_DoubleIsoTau34er2p1,1
486,L1_DoubleIsoTau36er2p1,1
